{
  "project_info": {
    "project_number": "451764727610",
    "project_id": "myapplication2culogin",
    "storage_bucket": "myapplication2culogin.firebasestorage.app"
  },
  "client": [
    {
      "client_info": {
        "mobilesdk_app_id": "1:451764727610:android:1d0bff50f00820573eaa03",
        "android_client_info": {
          "package_name": "com.example.myapplicationculogin2"
        }
      },
      "oauth_client": [],
      "api_key": [
        {
          "current_key": "AIzaSyDI5hMQD_nS-Wo1yTDgrKnfaWpvkIuyJPQ"
        }
      ],
      "services": {
        "appinvite_service": {
          "other_platform_oauth_client": []
        }
      }
    }
  ],
  "configuration_version": "1"
}